user_email_1@gmail.com,product_code_01,17-06-2023
user_email_1@gmail.com,product_code_02,17-06-2023
user_email_1@gmail.com,product_code_03,17-06-2023
user_email_1@gmail.com,product_code_04,17-06-2023
user_email_1@gmail.com,product_code_05,17-06-2023
user_email_1@gmail.com,product_code_06,17-06-2023
user_email_1@gmail.com,product_code_07,17-06-2023
user_email_1@gmail.com,product_code_08,17-06-2023
user_email_1@gmail.com,product_code_09,17-06-2023
user_email_2@gmail.com,product_code_01,17-06-2023
user_email_2@gmail.com,product_code_02,17-06-2023
user_email_2@gmail.com,product_code_03,17-06-2023
user_email_2@gmail.com,product_code_04,17-06-2023
user_email_2@gmail.com,product_code_05,17-06-2023
user_email_2@gmail.com,product_code_06,17-06-2023
user_email_2@gmail.com,product_code_07,17-06-2023
user_email_2@gmail.com,product_code_08,17-06-2023
user_email_2@gmail.com,product_code_09,17-06-2023
user_email_3@gmail.com,product_code_01,17-06-2023
user_email_3@gmail.com,product_code_02,17-06-2023
user_email_3@gmail.com,product_code_03,17-06-2023
user_email_3@gmail.com,product_code_04,17-06-2023
user_email_3@gmail.com,product_code_05,17-06-2023
user_email_3@gmail.com,product_code_06,17-06-2023
user_email_3@gmail.com,product_code_07,17-06-2023
user_email_3@gmail.com,product_code_08,17-06-2023
user_email_3@gmail.com,product_code_09,17-06-2023
user_email_4@gmail.com,product_code_01,17-06-2023
user_email_4@gmail.com,product_code_02,17-06-2023
user_email_4@gmail.com,product_code_03,17-06-2023
user_email_4@gmail.com,product_code_04,17-06-2023
user_email_4@gmail.com,product_code_05,17-06-2023
user_email_4@gmail.com,product_code_06,17-06-2023
user_email_4@gmail.com,product_code_07,17-06-2023
user_email_4@gmail.com,product_code_08,17-06-2023
user_email_4@gmail.com,product_code_09,17-06-2023
user_email_5@gmail.com,product_code_01,17-06-2023
user_email_5@gmail.com,product_code_02,17-06-2023
user_email_5@gmail.com,product_code_03,17-06-2023
user_email_5@gmail.com,product_code_04,17-06-2023
user_email_5@gmail.com,product_code_05,17-06-2023
user_email_5@gmail.com,product_code_06,17-06-2023
user_email_5@gmail.com,product_code_07,17-06-2023
user_email_5@gmail.com,product_code_08,17-06-2023
user_email_5@gmail.com,product_code_09,17-06-2023
user_email_6@gmail.com,product_code_01,17-06-2023
user_email_6@gmail.com,product_code_02,17-06-2023
user_email_6@gmail.com,product_code_03,17-06-2023
user_email_6@gmail.com,product_code_04,17-06-2023
user_email_6@gmail.com,product_code_05,17-06-2023
user_email_6@gmail.com,product_code_06,17-06-2023
user_email_6@gmail.com,product_code_07,17-06-2023
user_email_6@gmail.com,product_code_08,17-06-2023
user_email_6@gmail.com,product_code_09,17-06-2023
user_email_7@gmail.com,product_code_01,17-06-2023
user_email_7@gmail.com,product_code_02,17-06-2023
user_email_7@gmail.com,product_code_03,17-06-2023
user_email_7@gmail.com,product_code_04,17-06-2023
user_email_7@gmail.com,product_code_05,17-06-2023
user_email_7@gmail.com,product_code_06,17-06-2023
user_email_7@gmail.com,product_code_07,17-06-2023
user_email_7@gmail.com,product_code_08,17-06-2023
user_email_7@gmail.com,product_code_09,17-06-2023
user_email_8@gmail.com,product_code_01,17-06-2023
user_email_8@gmail.com,product_code_02,17-06-2023
user_email_8@gmail.com,product_code_03,17-06-2023
user_email_8@gmail.com,product_code_04,17-06-2023
user_email_8@gmail.com,product_code_05,17-06-2023
user_email_8@gmail.com,product_code_06,17-06-2023
user_email_8@gmail.com,product_code_07,17-06-2023
user_email_8@gmail.com,product_code_08,17-06-2023
user_email_8@gmail.com,product_code_09,17-06-2023
user_email_9@gmail.com,product_code_01,17-06-2023
user_email_9@gmail.com,product_code_02,17-06-2023
user_email_9@gmail.com,product_code_03,17-06-2023
user_email_9@gmail.com,product_code_04,17-06-2023
user_email_9@gmail.com,product_code_05,17-06-2023
user_email_9@gmail.com,product_code_06,17-06-2023
user_email_9@gmail.com,product_code_07,17-06-2023
user_email_9@gmail.com,product_code_08,17-06-2023
user_email_9@gmail.com,product_code_09,17-06-2023
user_email_10@gmail.com,product_code_01,17-06-2023
user_email_10@gmail.com,product_code_02,17-06-2023
user_email_10@gmail.com,product_code_03,17-06-2023
user_email_10@gmail.com,product_code_04,17-06-2023
user_email_10@gmail.com,product_code_05,17-06-2023
user_email_10@gmail.com,product_code_06,17-06-2023
user_email_10@gmail.com,product_code_07,17-06-2023
user_email_10@gmail.com,product_code_08,17-06-2023
user_email_10@gmail.com,product_code_09,17-06-2023
user_email_11@gmail.com,product_code_01,17-06-2023
user_email_11@gmail.com,product_code_02,17-06-2023
user_email_11@gmail.com,product_code_03,17-06-2023
user_email_11@gmail.com,product_code_04,17-06-2023
user_email_11@gmail.com,product_code_05,17-06-2023
user_email_11@gmail.com,product_code_06,17-06-2023
user_email_11@gmail.com,product_code_07,17-06-2023
user_email_11@gmail.com,product_code_08,17-06-2023
user_email_11@gmail.com,product_code_09,17-06-2023
user_email_12@gmail.com,product_code_01,17-06-2023
user_email_12@gmail.com,product_code_02,17-06-2023
user_email_12@gmail.com,product_code_03,17-06-2023
user_email_12@gmail.com,product_code_04,17-06-2023
user_email_12@gmail.com,product_code_05,17-06-2023
user_email_12@gmail.com,product_code_06,17-06-2023
user_email_12@gmail.com,product_code_07,17-06-2023
user_email_12@gmail.com,product_code_08,17-06-2023
user_email_12@gmail.com,product_code_09,17-06-2023
user_email_13@gmail.com,product_code_01,17-06-2023
user_email_13@gmail.com,product_code_02,17-06-2023
user_email_13@gmail.com,product_code_03,17-06-2023
user_email_13@gmail.com,product_code_04,17-06-2023
user_email_13@gmail.com,product_code_05,17-06-2023
user_email_13@gmail.com,product_code_06,17-06-2023
user_email_13@gmail.com,product_code_07,17-06-2023
user_email_13@gmail.com,product_code_08,17-06-2023
user_email_13@gmail.com,product_code_09,17-06-2023
user_email_14@gmail.com,product_code_01,17-06-2023
user_email_14@gmail.com,product_code_02,17-06-2023
user_email_14@gmail.com,product_code_03,17-06-2023
user_email_14@gmail.com,product_code_04,17-06-2023
user_email_14@gmail.com,product_code_05,17-06-2023
user_email_14@gmail.com,product_code_06,17-06-2023
user_email_14@gmail.com,product_code_07,17-06-2023
user_email_14@gmail.com,product_code_08,17-06-2023
user_email_14@gmail.com,product_code_09,17-06-2023
user_email_15@gmail.com,product_code_01,17-06-2023
user_email_15@gmail.com,product_code_02,17-06-2023
user_email_15@gmail.com,product_code_03,17-06-2023
user_email_15@gmail.com,product_code_04,17-06-2023
user_email_15@gmail.com,product_code_05,17-06-2023
user_email_15@gmail.com,product_code_06,17-06-2023
user_email_15@gmail.com,product_code_07,17-06-2023
user_email_15@gmail.com,product_code_08,17-06-2023
user_email_15@gmail.com,product_code_09,17-06-2023
user_email_16@gmail.com,product_code_01,17-06-2023
user_email_16@gmail.com,product_code_02,17-06-2023
user_email_16@gmail.com,product_code_03,17-06-2023
user_email_16@gmail.com,product_code_04,17-06-2023
user_email_16@gmail.com,product_code_05,17-06-2023
user_email_16@gmail.com,product_code_06,17-06-2023
user_email_16@gmail.com,product_code_07,17-06-2023
user_email_16@gmail.com,product_code_08,17-06-2023
user_email_16@gmail.com,product_code_09,17-06-2023
user_email_17@gmail.com,product_code_01,17-06-2023
user_email_17@gmail.com,product_code_02,17-06-2023
user_email_17@gmail.com,product_code_03,17-06-2023
user_email_17@gmail.com,product_code_04,17-06-2023
user_email_17@gmail.com,product_code_05,17-06-2023
user_email_17@gmail.com,product_code_06,17-06-2023
user_email_17@gmail.com,product_code_07,17-06-2023
user_email_17@gmail.com,product_code_08,17-06-2023
user_email_17@gmail.com,product_code_09,17-06-2023
user_email_18@gmail.com,product_code_01,17-06-2023
user_email_18@gmail.com,product_code_02,17-06-2023
user_email_18@gmail.com,product_code_03,17-06-2023
user_email_18@gmail.com,product_code_04,17-06-2023
user_email_18@gmail.com,product_code_05,17-06-2023
user_email_18@gmail.com,product_code_06,17-06-2023
user_email_18@gmail.com,product_code_07,17-06-2023
user_email_18@gmail.com,product_code_08,17-06-2023
user_email_18@gmail.com,product_code_09,17-06-2023
user_email_19@gmail.com,product_code_01,17-06-2023
user_email_19@gmail.com,product_code_02,17-06-2023
user_email_19@gmail.com,product_code_03,17-06-2023
user_email_19@gmail.com,product_code_04,17-06-2023
user_email_19@gmail.com,product_code_05,17-06-2023
user_email_19@gmail.com,product_code_06,17-06-2023
user_email_19@gmail.com,product_code_07,17-06-2023
user_email_19@gmail.com,product_code_08,17-06-2023
user_email_19@gmail.com,product_code_09,17-06-2023
user_email_20@gmail.com,product_code_01,17-06-2023
user_email_20@gmail.com,product_code_02,17-06-2023
user_email_20@gmail.com,product_code_03,17-06-2023
user_email_20@gmail.com,product_code_04,17-06-2023
user_email_20@gmail.com,product_code_05,17-06-2023
user_email_20@gmail.com,product_code_06,17-06-2023
user_email_20@gmail.com,product_code_07,17-06-2023
user_email_20@gmail.com,product_code_08,17-06-2023
user_email_20@gmail.com,product_code_09,17-06-2023
user_email_21@gmail.com,product_code_01,17-06-2023
user_email_21@gmail.com,product_code_02,17-06-2023
user_email_21@gmail.com,product_code_03,17-06-2023
user_email_21@gmail.com,product_code_04,17-06-2023
user_email_21@gmail.com,product_code_05,17-06-2023
user_email_21@gmail.com,product_code_06,17-06-2023
user_email_21@gmail.com,product_code_07,17-06-2023
user_email_21@gmail.com,product_code_08,17-06-2023
user_email_21@gmail.com,product_code_09,17-06-2023
user_email_22@gmail.com,product_code_01,17-06-2023
user_email_22@gmail.com,product_code_02,17-06-2023
user_email_22@gmail.com,product_code_03,17-06-2023
user_email_22@gmail.com,product_code_04,17-06-2023
user_email_22@gmail.com,product_code_05,17-06-2023
user_email_22@gmail.com,product_code_06,17-06-2023
user_email_22@gmail.com,product_code_07,17-06-2023
user_email_22@gmail.com,product_code_08,17-06-2023
user_email_22@gmail.com,product_code_09,17-06-2023
user_email_23@gmail.com,product_code_01,17-06-2023
user_email_23@gmail.com,product_code_02,17-06-2023
user_email_23@gmail.com,product_code_03,17-06-2023
user_email_23@gmail.com,product_code_04,17-06-2023
user_email_23@gmail.com,product_code_05,17-06-2023
user_email_23@gmail.com,product_code_06,17-06-2023
user_email_23@gmail.com,product_code_07,17-06-2023
user_email_23@gmail.com,product_code_08,17-06-2023
user_email_23@gmail.com,product_code_09,17-06-2023
user_email_24@gmail.com,product_code_01,17-06-2023
user_email_24@gmail.com,product_code_02,17-06-2023
user_email_24@gmail.com,product_code_03,17-06-2023
user_email_24@gmail.com,product_code_04,17-06-2023
user_email_24@gmail.com,product_code_05,17-06-2023
user_email_24@gmail.com,product_code_06,17-06-2023
user_email_24@gmail.com,product_code_07,17-06-2023
user_email_24@gmail.com,product_code_08,17-06-2023
user_email_24@gmail.com,product_code_09,17-06-2023
user_email_25@gmail.com,product_code_01,17-06-2023
user_email_25@gmail.com,product_code_02,17-06-2023
user_email_25@gmail.com,product_code_03,17-06-2023
user_email_25@gmail.com,product_code_04,17-06-2023
user_email_25@gmail.com,product_code_05,17-06-2023
user_email_25@gmail.com,product_code_06,17-06-2023
user_email_25@gmail.com,product_code_07,17-06-2023
user_email_25@gmail.com,product_code_08,17-06-2023
user_email_25@gmail.com,product_code_09,17-06-2023
user_email_26@gmail.com,product_code_01,17-06-2023
user_email_26@gmail.com,product_code_02,17-06-2023
user_email_26@gmail.com,product_code_03,17-06-2023
user_email_26@gmail.com,product_code_04,17-06-2023
user_email_26@gmail.com,product_code_05,17-06-2023
user_email_26@gmail.com,product_code_06,17-06-2023
user_email_26@gmail.com,product_code_07,17-06-2023
user_email_26@gmail.com,product_code_08,17-06-2023
user_email_26@gmail.com,product_code_09,17-06-2023
user_email_27@gmail.com,product_code_01,17-06-2023
user_email_27@gmail.com,product_code_02,17-06-2023
user_email_27@gmail.com,product_code_03,17-06-2023
user_email_27@gmail.com,product_code_04,17-06-2023
user_email_27@gmail.com,product_code_05,17-06-2023
user_email_27@gmail.com,product_code_06,17-06-2023
user_email_27@gmail.com,product_code_07,17-06-2023
user_email_27@gmail.com,product_code_08,17-06-2023
user_email_27@gmail.com,product_code_09,17-06-2023
user_email_28@gmail.com,product_code_01,17-06-2023
user_email_28@gmail.com,product_code_02,17-06-2023
user_email_28@gmail.com,product_code_03,17-06-2023
user_email_28@gmail.com,product_code_04,17-06-2023
user_email_28@gmail.com,product_code_05,17-06-2023
user_email_28@gmail.com,product_code_06,17-06-2023
user_email_28@gmail.com,product_code_07,17-06-2023
user_email_28@gmail.com,product_code_08,17-06-2023
user_email_28@gmail.com,product_code_09,17-06-2023
user_email_29@gmail.com,product_code_01,17-06-2023
user_email_29@gmail.com,product_code_02,17-06-2023
user_email_29@gmail.com,product_code_03,17-06-2023
user_email_29@gmail.com,product_code_04,17-06-2023
user_email_29@gmail.com,product_code_05,17-06-2023
user_email_29@gmail.com,product_code_06,17-06-2023
user_email_29@gmail.com,product_code_07,17-06-2023
user_email_29@gmail.com,product_code_08,17-06-2023
user_email_29@gmail.com,product_code_09,17-06-2023
user_email_30@gmail.com,product_code_01,17-06-2023
user_email_30@gmail.com,product_code_02,17-06-2023
user_email_30@gmail.com,product_code_03,17-06-2023
user_email_30@gmail.com,product_code_04,17-06-2023
user_email_30@gmail.com,product_code_05,17-06-2023
user_email_30@gmail.com,product_code_06,17-06-2023
user_email_30@gmail.com,product_code_07,17-06-2023
user_email_30@gmail.com,product_code_08,17-06-2023
user_email_30@gmail.com,product_code_09,17-06-2023
user_email_31@gmail.com,product_code_01,17-06-2023
user_email_31@gmail.com,product_code_02,17-06-2023
user_email_31@gmail.com,product_code_03,17-06-2023
user_email_31@gmail.com,product_code_04,17-06-2023
user_email_31@gmail.com,product_code_05,17-06-2023
user_email_31@gmail.com,product_code_06,17-06-2023
user_email_31@gmail.com,product_code_07,17-06-2023
user_email_31@gmail.com,product_code_08,17-06-2023
user_email_31@gmail.com,product_code_09,17-06-2023
user_email_32@gmail.com,product_code_01,17-06-2023
user_email_32@gmail.com,product_code_02,17-06-2023
user_email_32@gmail.com,product_code_03,17-06-2023
user_email_32@gmail.com,product_code_04,17-06-2023
user_email_32@gmail.com,product_code_05,17-06-2023
user_email_32@gmail.com,product_code_06,17-06-2023
user_email_32@gmail.com,product_code_07,17-06-2023
user_email_32@gmail.com,product_code_08,17-06-2023
user_email_32@gmail.com,product_code_09,17-06-2023
user_email_33@gmail.com,product_code_01,17-06-2023
user_email_33@gmail.com,product_code_02,17-06-2023
user_email_33@gmail.com,product_code_03,17-06-2023
user_email_33@gmail.com,product_code_04,17-06-2023
user_email_33@gmail.com,product_code_05,17-06-2023
user_email_33@gmail.com,product_code_06,17-06-2023
user_email_33@gmail.com,product_code_07,17-06-2023
user_email_33@gmail.com,product_code_08,17-06-2023
user_email_33@gmail.com,product_code_09,17-06-2023
user_email_34@gmail.com,product_code_01,17-06-2023
user_email_34@gmail.com,product_code_02,17-06-2023
user_email_34@gmail.com,product_code_03,17-06-2023
user_email_34@gmail.com,product_code_04,17-06-2023
user_email_34@gmail.com,product_code_05,17-06-2023
user_email_34@gmail.com,product_code_06,17-06-2023
user_email_34@gmail.com,product_code_07,17-06-2023
user_email_34@gmail.com,product_code_08,17-06-2023
user_email_34@gmail.com,product_code_09,17-06-2023
user_email_35@gmail.com,product_code_01,17-06-2023
user_email_35@gmail.com,product_code_02,17-06-2023
user_email_35@gmail.com,product_code_03,17-06-2023
user_email_35@gmail.com,product_code_04,17-06-2023
user_email_35@gmail.com,product_code_05,17-06-2023
user_email_35@gmail.com,product_code_06,17-06-2023
user_email_35@gmail.com,product_code_07,17-06-2023
user_email_35@gmail.com,product_code_08,17-06-2023
user_email_35@gmail.com,product_code_09,17-06-2023
user_email_36@gmail.com,product_code_01,17-06-2023
user_email_36@gmail.com,product_code_02,17-06-2023
user_email_36@gmail.com,product_code_03,17-06-2023
user_email_36@gmail.com,product_code_04,17-06-2023
user_email_36@gmail.com,product_code_05,17-06-2023
user_email_36@gmail.com,product_code_06,17-06-2023
user_email_36@gmail.com,product_code_07,17-06-2023
user_email_36@gmail.com,product_code_08,17-06-2023
user_email_36@gmail.com,product_code_09,17-06-2023
user_email_37@gmail.com,product_code_01,17-06-2023
user_email_37@gmail.com,product_code_02,17-06-2023
user_email_37@gmail.com,product_code_03,17-06-2023
user_email_37@gmail.com,product_code_04,17-06-2023
user_email_37@gmail.com,product_code_05,17-06-2023
user_email_37@gmail.com,product_code_06,17-06-2023
user_email_37@gmail.com,product_code_07,17-06-2023
user_email_37@gmail.com,product_code_08,17-06-2023
user_email_37@gmail.com,product_code_09,17-06-2023
user_email_38@gmail.com,product_code_01,17-06-2023
user_email_38@gmail.com,product_code_02,17-06-2023
user_email_38@gmail.com,product_code_03,17-06-2023
user_email_38@gmail.com,product_code_04,17-06-2023
user_email_38@gmail.com,product_code_05,17-06-2023
user_email_38@gmail.com,product_code_06,17-06-2023
user_email_38@gmail.com,product_code_07,17-06-2023
user_email_38@gmail.com,product_code_08,17-06-2023
user_email_38@gmail.com,product_code_09,17-06-2023
user_email_39@gmail.com,product_code_01,17-06-2023
user_email_39@gmail.com,product_code_02,17-06-2023
user_email_39@gmail.com,product_code_03,17-06-2023
user_email_39@gmail.com,product_code_04,17-06-2023
user_email_39@gmail.com,product_code_05,17-06-2023
user_email_39@gmail.com,product_code_06,17-06-2023
user_email_39@gmail.com,product_code_07,17-06-2023
user_email_39@gmail.com,product_code_08,17-06-2023
user_email_39@gmail.com,product_code_09,17-06-2023
user_email_40@gmail.com,product_code_01,17-06-2023
user_email_40@gmail.com,product_code_02,17-06-2023
user_email_40@gmail.com,product_code_03,17-06-2023
user_email_40@gmail.com,product_code_04,17-06-2023
user_email_40@gmail.com,product_code_05,17-06-2023
user_email_40@gmail.com,product_code_06,17-06-2023
user_email_40@gmail.com,product_code_07,17-06-2023
user_email_40@gmail.com,product_code_08,17-06-2023
user_email_40@gmail.com,product_code_09,17-06-2023
user_email_41@gmail.com,product_code_01,17-06-2023
user_email_41@gmail.com,product_code_02,17-06-2023
user_email_41@gmail.com,product_code_03,17-06-2023
user_email_41@gmail.com,product_code_04,17-06-2023
user_email_41@gmail.com,product_code_05,17-06-2023
user_email_41@gmail.com,product_code_06,17-06-2023
user_email_41@gmail.com,product_code_07,17-06-2023
user_email_41@gmail.com,product_code_08,17-06-2023
user_email_41@gmail.com,product_code_09,17-06-2023
user_email_42@gmail.com,product_code_01,17-06-2023
user_email_42@gmail.com,product_code_02,17-06-2023
user_email_42@gmail.com,product_code_03,17-06-2023
user_email_42@gmail.com,product_code_04,17-06-2023
user_email_42@gmail.com,product_code_05,17-06-2023
user_email_42@gmail.com,product_code_06,17-06-2023
user_email_42@gmail.com,product_code_07,17-06-2023
user_email_42@gmail.com,product_code_08,17-06-2023
user_email_42@gmail.com,product_code_09,17-06-2023
user_email_43@gmail.com,product_code_01,17-06-2023
user_email_43@gmail.com,product_code_02,17-06-2023
user_email_43@gmail.com,product_code_03,17-06-2023
user_email_43@gmail.com,product_code_04,17-06-2023
user_email_43@gmail.com,product_code_05,17-06-2023
user_email_43@gmail.com,product_code_06,17-06-2023
user_email_43@gmail.com,product_code_07,17-06-2023
user_email_43@gmail.com,product_code_08,17-06-2023
user_email_43@gmail.com,product_code_09,17-06-2023
user_email_44@gmail.com,product_code_01,17-06-2023
user_email_44@gmail.com,product_code_02,17-06-2023
user_email_44@gmail.com,product_code_03,17-06-2023
user_email_44@gmail.com,product_code_04,17-06-2023
user_email_44@gmail.com,product_code_05,17-06-2023
user_email_44@gmail.com,product_code_06,17-06-2023
user_email_44@gmail.com,product_code_07,17-06-2023
user_email_44@gmail.com,product_code_08,17-06-2023
user_email_44@gmail.com,product_code_09,17-06-2023
user_email_45@gmail.com,product_code_01,17-06-2023
user_email_45@gmail.com,product_code_02,17-06-2023
user_email_45@gmail.com,product_code_03,17-06-2023
user_email_45@gmail.com,product_code_04,17-06-2023
user_email_45@gmail.com,product_code_05,17-06-2023
user_email_45@gmail.com,product_code_06,17-06-2023
user_email_45@gmail.com,product_code_07,17-06-2023
user_email_45@gmail.com,product_code_08,17-06-2023
user_email_45@gmail.com,product_code_09,17-06-2023
user_email_46@gmail.com,product_code_01,17-06-2023
user_email_46@gmail.com,product_code_02,17-06-2023
user_email_46@gmail.com,product_code_03,17-06-2023
user_email_46@gmail.com,product_code_04,17-06-2023
user_email_46@gmail.com,product_code_05,17-06-2023
user_email_46@gmail.com,product_code_06,17-06-2023
user_email_46@gmail.com,product_code_07,17-06-2023
user_email_46@gmail.com,product_code_08,17-06-2023
user_email_46@gmail.com,product_code_09,17-06-2023
user_email_47@gmail.com,product_code_01,17-06-2023
user_email_47@gmail.com,product_code_02,17-06-2023
user_email_47@gmail.com,product_code_03,17-06-2023
user_email_47@gmail.com,product_code_04,17-06-2023
user_email_47@gmail.com,product_code_05,17-06-2023
user_email_47@gmail.com,product_code_06,17-06-2023
user_email_47@gmail.com,product_code_07,17-06-2023
user_email_47@gmail.com,product_code_08,17-06-2023
user_email_47@gmail.com,product_code_09,17-06-2023
user_email_48@gmail.com,product_code_01,17-06-2023
user_email_48@gmail.com,product_code_02,17-06-2023
user_email_48@gmail.com,product_code_03,17-06-2023
user_email_48@gmail.com,product_code_04,17-06-2023
user_email_48@gmail.com,product_code_05,17-06-2023
user_email_48@gmail.com,product_code_06,17-06-2023
user_email_48@gmail.com,product_code_07,17-06-2023
user_email_48@gmail.com,product_code_08,17-06-2023
user_email_48@gmail.com,product_code_09,17-06-2023
user_email_49@gmail.com,product_code_01,17-06-2023
user_email_49@gmail.com,product_code_02,17-06-2023
user_email_49@gmail.com,product_code_03,17-06-2023
user_email_49@gmail.com,product_code_04,17-06-2023
user_email_49@gmail.com,product_code_05,17-06-2023
user_email_49@gmail.com,product_code_06,17-06-2023
user_email_49@gmail.com,product_code_07,17-06-2023
user_email_49@gmail.com,product_code_08,17-06-2023
user_email_49@gmail.com,product_code_09,17-06-2023
user_email_50@gmail.com,product_code_01,17-06-2023
user_email_50@gmail.com,product_code_02,17-06-2023
user_email_50@gmail.com,product_code_03,17-06-2023
user_email_50@gmail.com,product_code_04,17-06-2023
user_email_50@gmail.com,product_code_05,17-06-2023
user_email_50@gmail.com,product_code_06,17-06-2023
user_email_50@gmail.com,product_code_07,17-06-2023
user_email_50@gmail.com,product_code_08,17-06-2023
user_email_50@gmail.com,product_code_09,17-06-2023
user_email_51@gmail.com,product_code_01,17-06-2023
user_email_51@gmail.com,product_code_02,17-06-2023
user_email_51@gmail.com,product_code_03,17-06-2023
user_email_51@gmail.com,product_code_04,17-06-2023
user_email_51@gmail.com,product_code_05,17-06-2023
user_email_51@gmail.com,product_code_06,17-06-2023
user_email_51@gmail.com,product_code_07,17-06-2023
user_email_51@gmail.com,product_code_08,17-06-2023
user_email_51@gmail.com,product_code_09,17-06-2023
user_email_52@gmail.com,product_code_01,17-06-2023
user_email_52@gmail.com,product_code_02,17-06-2023
user_email_52@gmail.com,product_code_03,17-06-2023
user_email_52@gmail.com,product_code_04,17-06-2023
user_email_52@gmail.com,product_code_05,17-06-2023
user_email_52@gmail.com,product_code_06,17-06-2023
user_email_52@gmail.com,product_code_07,17-06-2023
user_email_52@gmail.com,product_code_08,17-06-2023
user_email_52@gmail.com,product_code_09,17-06-2023
user_email_53@gmail.com,product_code_01,17-06-2023
user_email_53@gmail.com,product_code_02,17-06-2023
user_email_53@gmail.com,product_code_03,17-06-2023
user_email_53@gmail.com,product_code_04,17-06-2023
user_email_53@gmail.com,product_code_05,17-06-2023
user_email_53@gmail.com,product_code_06,17-06-2023
user_email_53@gmail.com,product_code_07,17-06-2023
user_email_53@gmail.com,product_code_08,17-06-2023
user_email_53@gmail.com,product_code_09,17-06-2023
user_email_54@gmail.com,product_code_01,17-06-2023
user_email_54@gmail.com,product_code_02,17-06-2023
user_email_54@gmail.com,product_code_03,17-06-2023
user_email_54@gmail.com,product_code_04,17-06-2023
user_email_54@gmail.com,product_code_05,17-06-2023
user_email_54@gmail.com,product_code_06,17-06-2023
user_email_54@gmail.com,product_code_07,17-06-2023
user_email_54@gmail.com,product_code_08,17-06-2023
user_email_54@gmail.com,product_code_09,17-06-2023
user_email_55@gmail.com,product_code_01,17-06-2023
user_email_55@gmail.com,product_code_02,17-06-2023
user_email_55@gmail.com,product_code_03,17-06-2023
user_email_55@gmail.com,product_code_04,17-06-2023
user_email_55@gmail.com,product_code_05,17-06-2023
user_email_55@gmail.com,product_code_06,17-06-2023
user_email_55@gmail.com,product_code_07,17-06-2023
user_email_55@gmail.com,product_code_08,17-06-2023
user_email_55@gmail.com,product_code_09,17-06-2023
user_email_56@gmail.com,product_code_01,17-06-2023
user_email_56@gmail.com,product_code_02,17-06-2023
user_email_56@gmail.com,product_code_03,17-06-2023
user_email_56@gmail.com,product_code_04,17-06-2023
user_email_56@gmail.com,product_code_05,17-06-2023
user_email_56@gmail.com,product_code_06,17-06-2023
user_email_56@gmail.com,product_code_07,17-06-2023
user_email_56@gmail.com,product_code_08,17-06-2023
user_email_56@gmail.com,product_code_09,17-06-2023
user_email_57@gmail.com,product_code_01,17-06-2023
user_email_57@gmail.com,product_code_02,17-06-2023
user_email_57@gmail.com,product_code_03,17-06-2023
user_email_57@gmail.com,product_code_04,17-06-2023
user_email_57@gmail.com,product_code_05,17-06-2023
user_email_57@gmail.com,product_code_06,17-06-2023
user_email_57@gmail.com,product_code_07,17-06-2023
user_email_57@gmail.com,product_code_08,17-06-2023
user_email_57@gmail.com,product_code_09,17-06-2023
user_email_58@gmail.com,product_code_01,17-06-2023
user_email_58@gmail.com,product_code_02,17-06-2023
user_email_58@gmail.com,product_code_03,17-06-2023
user_email_58@gmail.com,product_code_04,17-06-2023
user_email_58@gmail.com,product_code_05,17-06-2023
user_email_58@gmail.com,product_code_06,17-06-2023
user_email_58@gmail.com,product_code_07,17-06-2023
user_email_58@gmail.com,product_code_08,17-06-2023
user_email_58@gmail.com,product_code_09,17-06-2023
user_email_59@gmail.com,product_code_01,17-06-2023
user_email_59@gmail.com,product_code_02,17-06-2023
user_email_59@gmail.com,product_code_03,17-06-2023
user_email_59@gmail.com,product_code_04,17-06-2023
user_email_59@gmail.com,product_code_05,17-06-2023
user_email_59@gmail.com,product_code_06,17-06-2023
user_email_59@gmail.com,product_code_07,17-06-2023
user_email_59@gmail.com,product_code_08,17-06-2023
user_email_59@gmail.com,product_code_09,17-06-2023
user_email_60@gmail.com,product_code_01,17-06-2023
user_email_60@gmail.com,product_code_02,17-06-2023
user_email_60@gmail.com,product_code_03,17-06-2023
user_email_60@gmail.com,product_code_04,17-06-2023
user_email_60@gmail.com,product_code_05,17-06-2023
user_email_60@gmail.com,product_code_06,17-06-2023
user_email_60@gmail.com,product_code_07,17-06-2023
user_email_60@gmail.com,product_code_08,17-06-2023
user_email_60@gmail.com,product_code_09,17-06-2023
user_email_61@gmail.com,product_code_01,17-06-2023
user_email_61@gmail.com,product_code_02,17-06-2023
user_email_61@gmail.com,product_code_03,17-06-2023
user_email_61@gmail.com,product_code_04,17-06-2023
user_email_61@gmail.com,product_code_05,17-06-2023
user_email_61@gmail.com,product_code_06,17-06-2023
user_email_61@gmail.com,product_code_07,17-06-2023
user_email_61@gmail.com,product_code_08,17-06-2023
user_email_61@gmail.com,product_code_09,17-06-2023
user_email_62@gmail.com,product_code_01,17-06-2023
user_email_62@gmail.com,product_code_02,17-06-2023
user_email_62@gmail.com,product_code_03,17-06-2023
user_email_62@gmail.com,product_code_04,17-06-2023
user_email_62@gmail.com,product_code_05,17-06-2023
user_email_62@gmail.com,product_code_06,17-06-2023
user_email_62@gmail.com,product_code_07,17-06-2023
user_email_62@gmail.com,product_code_08,17-06-2023
user_email_62@gmail.com,product_code_09,17-06-2023
user_email_63@gmail.com,product_code_01,17-06-2023
user_email_63@gmail.com,product_code_02,17-06-2023
user_email_63@gmail.com,product_code_03,17-06-2023
user_email_63@gmail.com,product_code_04,17-06-2023
user_email_63@gmail.com,product_code_05,17-06-2023
user_email_63@gmail.com,product_code_06,17-06-2023
user_email_63@gmail.com,product_code_07,17-06-2023
user_email_63@gmail.com,product_code_08,17-06-2023
user_email_63@gmail.com,product_code_09,17-06-2023
user_email_64@gmail.com,product_code_01,17-06-2023
user_email_64@gmail.com,product_code_02,17-06-2023
user_email_64@gmail.com,product_code_03,17-06-2023
user_email_64@gmail.com,product_code_04,17-06-2023
user_email_64@gmail.com,product_code_05,17-06-2023
user_email_64@gmail.com,product_code_06,17-06-2023
user_email_64@gmail.com,product_code_07,17-06-2023
user_email_64@gmail.com,product_code_08,17-06-2023
user_email_64@gmail.com,product_code_09,17-06-2023
user_email_65@gmail.com,product_code_01,17-06-2023
user_email_65@gmail.com,product_code_02,17-06-2023
user_email_65@gmail.com,product_code_03,17-06-2023
user_email_65@gmail.com,product_code_04,17-06-2023
user_email_65@gmail.com,product_code_05,17-06-2023
user_email_65@gmail.com,product_code_06,17-06-2023
user_email_65@gmail.com,product_code_07,17-06-2023
user_email_65@gmail.com,product_code_08,17-06-2023
user_email_65@gmail.com,product_code_09,17-06-2023
user_email_66@gmail.com,product_code_01,17-06-2023
user_email_66@gmail.com,product_code_02,17-06-2023
user_email_66@gmail.com,product_code_03,17-06-2023
user_email_66@gmail.com,product_code_04,17-06-2023
user_email_66@gmail.com,product_code_05,17-06-2023
user_email_66@gmail.com,product_code_06,17-06-2023
user_email_66@gmail.com,product_code_07,17-06-2023
user_email_66@gmail.com,product_code_08,17-06-2023
user_email_66@gmail.com,product_code_09,17-06-2023
user_email_67@gmail.com,product_code_01,17-06-2023
user_email_67@gmail.com,product_code_02,17-06-2023
user_email_67@gmail.com,product_code_03,17-06-2023
user_email_67@gmail.com,product_code_04,17-06-2023
user_email_67@gmail.com,product_code_05,17-06-2023
user_email_67@gmail.com,product_code_06,17-06-2023
user_email_67@gmail.com,product_code_07,17-06-2023
user_email_67@gmail.com,product_code_08,17-06-2023
user_email_67@gmail.com,product_code_09,17-06-2023
user_email_68@gmail.com,product_code_01,17-06-2023
user_email_68@gmail.com,product_code_02,17-06-2023
user_email_68@gmail.com,product_code_03,17-06-2023
user_email_68@gmail.com,product_code_04,17-06-2023
user_email_68@gmail.com,product_code_05,17-06-2023
user_email_68@gmail.com,product_code_06,17-06-2023
user_email_68@gmail.com,product_code_07,17-06-2023
user_email_68@gmail.com,product_code_08,17-06-2023
user_email_68@gmail.com,product_code_09,17-06-2023
user_email_69@gmail.com,product_code_01,17-06-2023
user_email_69@gmail.com,product_code_02,17-06-2023
user_email_69@gmail.com,product_code_03,17-06-2023
user_email_69@gmail.com,product_code_04,17-06-2023
user_email_69@gmail.com,product_code_05,17-06-2023
user_email_69@gmail.com,product_code_06,17-06-2023
user_email_69@gmail.com,product_code_07,17-06-2023
user_email_69@gmail.com,product_code_08,17-06-2023
user_email_69@gmail.com,product_code_09,17-06-2023
user_email_70@gmail.com,product_code_01,17-06-2023
user_email_70@gmail.com,product_code_02,17-06-2023
user_email_70@gmail.com,product_code_03,17-06-2023
user_email_70@gmail.com,product_code_04,17-06-2023
user_email_70@gmail.com,product_code_05,17-06-2023
user_email_70@gmail.com,product_code_06,17-06-2023
user_email_70@gmail.com,product_code_07,17-06-2023
user_email_70@gmail.com,product_code_08,17-06-2023
user_email_70@gmail.com,product_code_09,17-06-2023
user_email_71@gmail.com,product_code_01,17-06-2023
user_email_71@gmail.com,product_code_02,17-06-2023
user_email_71@gmail.com,product_code_03,17-06-2023
user_email_71@gmail.com,product_code_04,17-06-2023
user_email_71@gmail.com,product_code_05,17-06-2023
user_email_71@gmail.com,product_code_06,17-06-2023
user_email_71@gmail.com,product_code_07,17-06-2023
user_email_71@gmail.com,product_code_08,17-06-2023
user_email_71@gmail.com,product_code_09,17-06-2023
user_email_72@gmail.com,product_code_01,17-06-2023
user_email_72@gmail.com,product_code_02,17-06-2023
user_email_72@gmail.com,product_code_03,17-06-2023
user_email_72@gmail.com,product_code_04,17-06-2023
user_email_72@gmail.com,product_code_05,17-06-2023
user_email_72@gmail.com,product_code_06,17-06-2023
user_email_72@gmail.com,product_code_07,17-06-2023
user_email_72@gmail.com,product_code_08,17-06-2023
user_email_72@gmail.com,product_code_09,17-06-2023
user_email_73@gmail.com,product_code_01,17-06-2023
user_email_73@gmail.com,product_code_02,17-06-2023
user_email_73@gmail.com,product_code_03,17-06-2023
user_email_73@gmail.com,product_code_04,17-06-2023
user_email_73@gmail.com,product_code_05,17-06-2023
user_email_73@gmail.com,product_code_06,17-06-2023
user_email_73@gmail.com,product_code_07,17-06-2023
user_email_73@gmail.com,product_code_08,17-06-2023
user_email_73@gmail.com,product_code_09,17-06-2023
user_email_74@gmail.com,product_code_01,17-06-2023
user_email_74@gmail.com,product_code_02,17-06-2023
user_email_74@gmail.com,product_code_03,17-06-2023
user_email_74@gmail.com,product_code_04,17-06-2023
user_email_74@gmail.com,product_code_05,17-06-2023
user_email_74@gmail.com,product_code_06,17-06-2023
user_email_74@gmail.com,product_code_07,17-06-2023
user_email_74@gmail.com,product_code_08,17-06-2023
user_email_74@gmail.com,product_code_09,17-06-2023
user_email_75@gmail.com,product_code_01,17-06-2023
user_email_75@gmail.com,product_code_02,17-06-2023
user_email_75@gmail.com,product_code_03,17-06-2023
user_email_75@gmail.com,product_code_04,17-06-2023
user_email_75@gmail.com,product_code_05,17-06-2023
user_email_75@gmail.com,product_code_06,17-06-2023
user_email_75@gmail.com,product_code_07,17-06-2023
user_email_75@gmail.com,product_code_08,17-06-2023
user_email_75@gmail.com,product_code_09,17-06-2023
user_email_76@gmail.com,product_code_01,17-06-2023
user_email_76@gmail.com,product_code_02,17-06-2023
user_email_76@gmail.com,product_code_03,17-06-2023
user_email_76@gmail.com,product_code_04,17-06-2023
user_email_76@gmail.com,product_code_05,17-06-2023
user_email_76@gmail.com,product_code_06,17-06-2023
user_email_76@gmail.com,product_code_07,17-06-2023
user_email_76@gmail.com,product_code_08,17-06-2023
user_email_76@gmail.com,product_code_09,17-06-2023
user_email_77@gmail.com,product_code_01,17-06-2023
user_email_77@gmail.com,product_code_02,17-06-2023
user_email_77@gmail.com,product_code_03,17-06-2023
user_email_77@gmail.com,product_code_04,17-06-2023
user_email_77@gmail.com,product_code_05,17-06-2023
user_email_77@gmail.com,product_code_06,17-06-2023
user_email_77@gmail.com,product_code_07,17-06-2023
user_email_77@gmail.com,product_code_08,17-06-2023
user_email_77@gmail.com,product_code_09,17-06-2023
user_email_78@gmail.com,product_code_01,17-06-2023
user_email_78@gmail.com,product_code_02,17-06-2023
user_email_78@gmail.com,product_code_03,17-06-2023
user_email_78@gmail.com,product_code_04,17-06-2023
user_email_78@gmail.com,product_code_05,17-06-2023
user_email_78@gmail.com,product_code_06,17-06-2023
user_email_78@gmail.com,product_code_07,17-06-2023
user_email_78@gmail.com,product_code_08,17-06-2023
user_email_78@gmail.com,product_code_09,17-06-2023
user_email_79@gmail.com,product_code_01,17-06-2023
user_email_79@gmail.com,product_code_02,17-06-2023
user_email_79@gmail.com,product_code_03,17-06-2023
user_email_79@gmail.com,product_code_04,17-06-2023
user_email_79@gmail.com,product_code_05,17-06-2023
user_email_79@gmail.com,product_code_06,17-06-2023
user_email_79@gmail.com,product_code_07,17-06-2023
user_email_79@gmail.com,product_code_08,17-06-2023
user_email_79@gmail.com,product_code_09,17-06-2023
user_email_80@gmail.com,product_code_01,17-06-2023
user_email_80@gmail.com,product_code_02,17-06-2023
user_email_80@gmail.com,product_code_03,17-06-2023
user_email_80@gmail.com,product_code_04,17-06-2023
user_email_80@gmail.com,product_code_05,17-06-2023
user_email_80@gmail.com,product_code_06,17-06-2023
user_email_80@gmail.com,product_code_07,17-06-2023
user_email_80@gmail.com,product_code_08,17-06-2023
user_email_80@gmail.com,product_code_09,17-06-2023
user_email_81@gmail.com,product_code_01,17-06-2023
user_email_81@gmail.com,product_code_02,17-06-2023
user_email_81@gmail.com,product_code_03,17-06-2023
user_email_81@gmail.com,product_code_04,17-06-2023
user_email_81@gmail.com,product_code_05,17-06-2023
user_email_81@gmail.com,product_code_06,17-06-2023
user_email_81@gmail.com,product_code_07,17-06-2023
user_email_81@gmail.com,product_code_08,17-06-2023
user_email_81@gmail.com,product_code_09,17-06-2023
user_email_82@gmail.com,product_code_01,17-06-2023
user_email_82@gmail.com,product_code_02,17-06-2023
user_email_82@gmail.com,product_code_03,17-06-2023
user_email_82@gmail.com,product_code_04,17-06-2023
user_email_82@gmail.com,product_code_05,17-06-2023
user_email_82@gmail.com,product_code_06,17-06-2023
user_email_82@gmail.com,product_code_07,17-06-2023
user_email_82@gmail.com,product_code_08,17-06-2023
user_email_82@gmail.com,product_code_09,17-06-2023
user_email_83@gmail.com,product_code_01,17-06-2023
user_email_83@gmail.com,product_code_02,17-06-2023
user_email_83@gmail.com,product_code_03,17-06-2023
user_email_83@gmail.com,product_code_04,17-06-2023
user_email_83@gmail.com,product_code_05,17-06-2023
user_email_83@gmail.com,product_code_06,17-06-2023
user_email_83@gmail.com,product_code_07,17-06-2023
user_email_83@gmail.com,product_code_08,17-06-2023
user_email_83@gmail.com,product_code_09,17-06-2023
user_email_84@gmail.com,product_code_01,17-06-2023
user_email_84@gmail.com,product_code_02,17-06-2023
user_email_84@gmail.com,product_code_03,17-06-2023
user_email_84@gmail.com,product_code_04,17-06-2023
user_email_84@gmail.com,product_code_05,17-06-2023
user_email_84@gmail.com,product_code_06,17-06-2023
user_email_84@gmail.com,product_code_07,17-06-2023
user_email_84@gmail.com,product_code_08,17-06-2023
user_email_84@gmail.com,product_code_09,17-06-2023
user_email_85@gmail.com,product_code_01,17-06-2023
user_email_85@gmail.com,product_code_02,17-06-2023
user_email_85@gmail.com,product_code_03,17-06-2023
user_email_85@gmail.com,product_code_04,17-06-2023
user_email_85@gmail.com,product_code_05,17-06-2023
user_email_85@gmail.com,product_code_06,17-06-2023
user_email_85@gmail.com,product_code_07,17-06-2023
user_email_85@gmail.com,product_code_08,17-06-2023
user_email_85@gmail.com,product_code_09,17-06-2023
user_email_86@gmail.com,product_code_01,17-06-2023
user_email_86@gmail.com,product_code_02,17-06-2023
user_email_86@gmail.com,product_code_03,17-06-2023
user_email_86@gmail.com,product_code_04,17-06-2023
user_email_86@gmail.com,product_code_05,17-06-2023
user_email_86@gmail.com,product_code_06,17-06-2023
user_email_86@gmail.com,product_code_07,17-06-2023
user_email_86@gmail.com,product_code_08,17-06-2023
user_email_86@gmail.com,product_code_09,17-06-2023
user_email_87@gmail.com,product_code_01,17-06-2023
user_email_87@gmail.com,product_code_02,17-06-2023
user_email_87@gmail.com,product_code_03,17-06-2023
user_email_87@gmail.com,product_code_04,17-06-2023
user_email_87@gmail.com,product_code_05,17-06-2023
user_email_87@gmail.com,product_code_06,17-06-2023
user_email_87@gmail.com,product_code_07,17-06-2023
user_email_87@gmail.com,product_code_08,17-06-2023
user_email_87@gmail.com,product_code_09,17-06-2023
user_email_88@gmail.com,product_code_01,17-06-2023
user_email_88@gmail.com,product_code_02,17-06-2023
user_email_88@gmail.com,product_code_03,17-06-2023
user_email_88@gmail.com,product_code_04,17-06-2023
user_email_88@gmail.com,product_code_05,17-06-2023
user_email_88@gmail.com,product_code_06,17-06-2023
user_email_88@gmail.com,product_code_07,17-06-2023
user_email_88@gmail.com,product_code_08,17-06-2023
user_email_88@gmail.com,product_code_09,17-06-2023
user_email_89@gmail.com,product_code_01,17-06-2023
user_email_89@gmail.com,product_code_02,17-06-2023
user_email_89@gmail.com,product_code_03,17-06-2023
user_email_89@gmail.com,product_code_04,17-06-2023
user_email_89@gmail.com,product_code_05,17-06-2023
user_email_89@gmail.com,product_code_06,17-06-2023
user_email_89@gmail.com,product_code_07,17-06-2023
user_email_89@gmail.com,product_code_08,17-06-2023
user_email_89@gmail.com,product_code_09,17-06-2023
user_email_90@gmail.com,product_code_01,17-06-2023
user_email_90@gmail.com,product_code_02,17-06-2023
user_email_90@gmail.com,product_code_03,17-06-2023
user_email_90@gmail.com,product_code_04,17-06-2023
user_email_90@gmail.com,product_code_05,17-06-2023
user_email_90@gmail.com,product_code_06,17-06-2023
user_email_90@gmail.com,product_code_07,17-06-2023
user_email_90@gmail.com,product_code_08,17-06-2023
user_email_90@gmail.com,product_code_09,17-06-2023
user_email_91@gmail.com,product_code_01,17-06-2023
user_email_91@gmail.com,product_code_02,17-06-2023
user_email_91@gmail.com,product_code_03,17-06-2023
user_email_91@gmail.com,product_code_04,17-06-2023
user_email_91@gmail.com,product_code_05,17-06-2023
user_email_91@gmail.com,product_code_06,17-06-2023
user_email_91@gmail.com,product_code_07,17-06-2023
user_email_91@gmail.com,product_code_08,17-06-2023
user_email_91@gmail.com,product_code_09,17-06-2023
user_email_92@gmail.com,product_code_01,17-06-2023
user_email_92@gmail.com,product_code_02,17-06-2023
user_email_92@gmail.com,product_code_03,17-06-2023
user_email_92@gmail.com,product_code_04,17-06-2023
user_email_92@gmail.com,product_code_05,17-06-2023
user_email_92@gmail.com,product_code_06,17-06-2023
user_email_92@gmail.com,product_code_07,17-06-2023
user_email_92@gmail.com,product_code_08,17-06-2023
user_email_92@gmail.com,product_code_09,17-06-2023
user_email_93@gmail.com,product_code_01,17-06-2023
user_email_93@gmail.com,product_code_02,17-06-2023
user_email_93@gmail.com,product_code_03,17-06-2023
user_email_93@gmail.com,product_code_04,17-06-2023
user_email_93@gmail.com,product_code_05,17-06-2023
user_email_93@gmail.com,product_code_06,17-06-2023
user_email_93@gmail.com,product_code_07,17-06-2023
user_email_93@gmail.com,product_code_08,17-06-2023
user_email_93@gmail.com,product_code_09,17-06-2023
user_email_94@gmail.com,product_code_01,17-06-2023
user_email_94@gmail.com,product_code_02,17-06-2023
user_email_94@gmail.com,product_code_03,17-06-2023
user_email_94@gmail.com,product_code_04,17-06-2023
user_email_94@gmail.com,product_code_05,17-06-2023
user_email_94@gmail.com,product_code_06,17-06-2023
user_email_94@gmail.com,product_code_07,17-06-2023
user_email_94@gmail.com,product_code_08,17-06-2023
user_email_94@gmail.com,product_code_09,17-06-2023
user_email_95@gmail.com,product_code_01,17-06-2023
user_email_95@gmail.com,product_code_02,17-06-2023
user_email_95@gmail.com,product_code_03,17-06-2023
user_email_95@gmail.com,product_code_04,17-06-2023
user_email_95@gmail.com,product_code_05,17-06-2023
user_email_95@gmail.com,product_code_06,17-06-2023
user_email_95@gmail.com,product_code_07,17-06-2023
user_email_95@gmail.com,product_code_08,17-06-2023
user_email_95@gmail.com,product_code_09,17-06-2023
user_email_96@gmail.com,product_code_01,17-06-2023
user_email_96@gmail.com,product_code_02,17-06-2023
user_email_96@gmail.com,product_code_03,17-06-2023
user_email_96@gmail.com,product_code_04,17-06-2023
user_email_96@gmail.com,product_code_05,17-06-2023
user_email_96@gmail.com,product_code_06,17-06-2023
user_email_96@gmail.com,product_code_07,17-06-2023
user_email_96@gmail.com,product_code_08,17-06-2023
user_email_96@gmail.com,product_code_09,17-06-2023
user_email_97@gmail.com,product_code_01,17-06-2023
user_email_97@gmail.com,product_code_02,17-06-2023
user_email_97@gmail.com,product_code_03,17-06-2023
user_email_97@gmail.com,product_code_04,17-06-2023
user_email_97@gmail.com,product_code_05,17-06-2023
user_email_97@gmail.com,product_code_06,17-06-2023
user_email_97@gmail.com,product_code_07,17-06-2023
user_email_97@gmail.com,product_code_08,17-06-2023
user_email_97@gmail.com,product_code_09,17-06-2023
user_email_98@gmail.com,product_code_01,17-06-2023
user_email_98@gmail.com,product_code_02,17-06-2023
user_email_98@gmail.com,product_code_03,17-06-2023
user_email_98@gmail.com,product_code_04,17-06-2023
user_email_98@gmail.com,product_code_05,17-06-2023
user_email_98@gmail.com,product_code_06,17-06-2023
user_email_98@gmail.com,product_code_07,17-06-2023
user_email_98@gmail.com,product_code_08,17-06-2023
user_email_98@gmail.com,product_code_09,17-06-2023
user_email_99@gmail.com,product_code_01,17-06-2023
user_email_99@gmail.com,product_code_02,17-06-2023
user_email_99@gmail.com,product_code_03,17-06-2023
user_email_99@gmail.com,product_code_04,17-06-2023
user_email_99@gmail.com,product_code_05,17-06-2023
user_email_99@gmail.com,product_code_06,17-06-2023
user_email_99@gmail.com,product_code_07,17-06-2023
user_email_99@gmail.com,product_code_08,17-06-2023
user_email_99@gmail.com,product_code_09,17-06-2023
user_email_100@gmail.com,product_code_01,17-06-2023
user_email_100@gmail.com,product_code_02,17-06-2023
user_email_100@gmail.com,product_code_03,17-06-2023
user_email_100@gmail.com,product_code_04,17-06-2023
user_email_100@gmail.com,product_code_05,17-06-2023
user_email_100@gmail.com,product_code_06,17-06-2023
user_email_100@gmail.com,product_code_07,17-06-2023
user_email_100@gmail.com,product_code_08,17-06-2023
user_email_100@gmail.com,product_code_09,17-06-2023
